Algorytm;Rozmiar;Czas [ms];Pamięć [MB]
ScannerCase;100mb;2,18;568,38
ScannerWithoutValidation;100mb;1,91;1 419,09
CSVReaderCase;100mb;1,81;486,54
BufferReaderWithoutValidation;100mb;1,33;551,43
FileReaderCase;100mb;1,29;1 660,94
FileReaderWithoutValidation;100mb;1,44;1 887,44
FilesLinesCase;100mb;1,26;1 761,61
FilesLinesWithoutValidation;100mb;1,24;1 803,55
CSVReaderWithoutValidation;100mb;1,98;1 287,78
BufferReaderCase;100mb;1,24;1 761,61
CSVReaderCase;250mb;4,16;1 325,40
BufferReaderCase;250mb;3,41;1 371,54
FileReaderCase;250mb;3,62;1 128,27
ScannerWithoutValidation;250mb;5,08;1 715,47
FilesLinesCase;250mb;3,44;1 165,63
ScannerCase;250mb;4,84;2 386,56
FilesLinesWithoutValidation;250mb;3,52;1 853,88
CSVReaderWithoutValidation;250mb;5,32;2 399,14
BufferReaderWithoutValidation;250mb;3,58;1 711,28
FileReaderWithoutValidation;250mb;3,87;2 227,18
BufferReaderCase;500mb;6,92;2 571,11
ScannerCase;500mb;10,02;2 529,17
FileReaderWithoutValidation;500mb;8,16;2 299,34
FilesLinesWithoutValidation;500mb;7,11;2 493,17
CSVReaderWithoutValidation;500mb;11,16;4 282,38
BufferReaderWithoutValidation;500mb;7,18;1 792,17
CSVReaderCase;500mb;8,59;1 091,54
ScannerWithoutValidation;500mb;10,45;2 991,24
FilesLinesCase;500mb;7,26;1 272,80
FileReaderCase;500mb;7,19;1 121,84
CSVReaderCase;1gb;17,88;3 746,57
ScannerCase;1gb;20,81;5 729,42
FileReaderCase;1gb;14,82;5 012,19
CSVReaderWithoutValidation;1gb;23,42;3 044,27
BufferReaderWithoutValidation;1gb;15,57;6 530,53
BufferReaderCase;1gb;14,66;5 293,21
FilesLinesWithoutValidation;1gb;15,59;6 417,29
FilesLinesCase;1gb;14,87;5 133,83
ScannerWithoutValidation;1gb;21,60;3 024,98
FileReaderWithoutValidation;1gb;17,47;6 778,00
BufferReaderCase;2gb;31,65;6 588,82
ScannerWithoutValidation;2gb;45,38;6 989,08
FilesLinesCase;2gb;31,79;2 370,90
ScannerCase;2gb;43,28;3 909,04
CSVReaderWithoutValidation;2gb;48,35;7 333,58
FileReaderCase;2gb;31,91;3 317,02
CSVReaderCase;2gb;38,47;3 023,05
FilesLinesWithoutValidation;2gb;34,49;4 676,10
FileReaderWithoutValidation;2gb;34,43;4 171,76
BufferReaderWithoutValidation;2gb;33,58;4 284,73
BufferReaderCase;4gb;67,99;10 835,80
BufferReaderWithoutValidation;4gb;80,61;4 697,83
FilesLinesWithoutValidation;4gb;79,37;4 669,99
CSVReaderWithoutValidation;4gb;112,61;3 741,24
FileReaderWithoutValidation;4gb;80,82;4 845,72
FileReaderCase;4gb;72,61;4 336,62
CSVReaderCase;4gb;81,12;4 536,95
ScannerWithoutValidation;4gb;106,75;3 990,39
FilesLinesCase;4gb;68,18;4 483,26
ScannerCase;4gb;91,83;4 413,11
CSVReaderWithoutValidation;100mb;2,23;653,25
FilesLinesWithoutValidation;100mb;1,27;665,56
BufferReaderCase;100mb;1,32;518,03
FileReaderCase;100mb;1,19;845,26
ScannerCase;100mb;1,73;1 212,57
BufferReaderWithoutValidation;100mb;1,26;648,69
FileReaderWithoutValidation;100mb;1,33;522,79
ScannerWithoutValidation;100mb;1,92;383,36
FilesLinesCase;100mb;1,18;907,47
CSVReaderCase;100mb;1,45;898,44
FilesLinesWithoutValidation;250mb;3,42;1 426,64
FileReaderWithoutValidation;250mb;3,40;1 681,11
FilesLinesCase;250mb;3,19;1 507,67
ScannerCase;250mb;4,70;785,55
FileReaderCase;250mb;3,20;1 033,74
CSVReaderWithoutValidation;250mb;5,34;1 666,55
BufferReaderWithoutValidation;250mb;3,42;1 689,00
CSVReaderCase;250mb;3,92;1 468,41
ScannerWithoutValidation;250mb;4,99;2 076,21
BufferReaderCase;250mb;3,19;1 191,51
ScannerCase;500mb;9,72;1 986,28
CSVReaderCase;500mb;8,48;1 943,50
FilesLinesCase;500mb;6,79;1 167,93
BufferReaderCase;500mb;6,89;1 187,92
BufferReaderWithoutValidation;500mb;7,39;1 910,30
ScannerWithoutValidation;500mb;10,24;2 142,29
CSVReaderWithoutValidation;500mb;11,19;1 360,16
FilesLinesWithoutValidation;500mb;7,60;1 242,33
FileReaderWithoutValidation;500mb;7,59;2 211,06
FileReaderCase;500mb;6,81;1 724,07
FilesLinesCase;1gb;14,97;3 133,83
FilesLinesWithoutValidation;1gb;16,21;1 853,63
BufferReaderWithoutValidation;1gb;15,42;3 037,86
CSVReaderWithoutValidation;1gb;23,28;2 608,67
CSVReaderCase;1gb;17,45;4 332,72
ScannerCase;1gb;20,53;5 419,04
BufferReaderCase;1gb;14,50;5 167,38
FileReaderCase;1gb;14,38;5 377,10
ScannerWithoutValidation;1gb;21,32;2 104,19
FileReaderWithoutValidation;1gb;15,51;6 975,13
FilesLinesCase;2gb;31,62;5 437,84
FileReaderWithoutValidation;2gb;33,52;3 667,83
FilesLinesWithoutValidation;2gb;32,52;4 023,30
FileReaderCase;2gb;31,82;2 713,29
BufferReaderCase;2gb;31,20;3 543,93
ScannerCase;2gb;43,93;3 786,26
CSVReaderWithoutValidation;2gb;47,53;7 483,08
ScannerWithoutValidation;2gb;43,98;7 093,38
CSVReaderCase;2gb;37,75;3 194,42
BufferReaderWithoutValidation;2gb;33,19;5 760,76
FilesLinesCase;4gb;68,95;10 818,61
FileReaderCase;4gb;74,57;3 256,88
BufferReaderCase;4gb;67,87;4 684,44
FilesLinesWithoutValidation;4gb;81,13;4 065,25
BufferReaderWithoutValidation;4gb;78,11;4 800,34
FileReaderWithoutValidation;4gb;80,29;4 653,72
CSVReaderWithoutValidation;4gb;109,62;4 806,74
CSVReaderCase;4gb;82,20;4 342,47
ScannerCase;4gb;95,71;4 660,28
ScannerWithoutValidation;4gb;106,59;3 700,37
BufferReaderWithoutValidation;100mb;1,42;721,42
FileReaderWithoutValidation;100mb;1,30;616,94
ScannerCase;100mb;1,74;1 211,16
BufferReaderCase;100mb;1,18;921,68
FilesLinesCase;100mb;1,18;915,64
CSVReaderWithoutValidation;100mb;1,99;1 931,38
FilesLinesWithoutValidation;100mb;1,29;536,43
FileReaderCase;100mb;1,16;859,57
ScannerWithoutValidation;100mb;1,94;315,02
CSVReaderCase;100mb;1,50;880,58
CSVReaderCase;250mb;4,05;1 111,66
BufferReaderCase;250mb;3,17;1 344,61
ScannerCase;250mb;4,78;945,87
FilesLinesWithoutValidation;250mb;3,52;1 012,40
BufferReaderWithoutValidation;250mb;3,38;1 276,69
FilesLinesCase;250mb;3,24;696,98
FileReaderWithoutValidation;250mb;3,41;1 700,05
CSVReaderWithoutValidation;250mb;5,27;2 446,19
ScannerWithoutValidation;250mb;4,98;1 742,83
FileReaderCase;250mb;3,23;781,58
FilesLinesCase;500mb;6,72;2 534,87
FileReaderCase;500mb;6,88;1 377,85
BufferReaderCase;500mb;6,88;1 318,25
CSVReaderWithoutValidation;500mb;11,10;1 289,29
CSVReaderCase;500mb;8,43;1 845,83
FilesLinesWithoutValidation;500mb;7,53;1 941,59
ScannerWithoutValidation;500mb;10,31;2 158,05
BufferReaderWithoutValidation;500mb;7,38;2 488,77
FileReaderWithoutValidation;500mb;7,53;2 143,44
ScannerCase;500mb;9,73;1 237,65
BufferReaderWithoutValidation;1gb;16,12;4 172,91
BufferReaderCase;1gb;14,95;2 252,17
ScannerWithoutValidation;1gb;22,24;3 558,17
CSVReaderWithoutValidation;1gb;23,65;2 241,62
FileReaderCase;1gb;15,32;1 764,20
FileReaderWithoutValidation;1gb;16,36;2 350,87
FilesLinesCase;1gb;15,48;2 785,76
FilesLinesWithoutValidation;1gb;16,06;2 933,69
ScannerCase;1gb;20,78;2 398,89
CSVReaderCase;1gb;17,96;1 847,19
CSVReaderCase;2gb;38,29;6 117,27
ScannerWithoutValidation;2gb;47,04;4 347,33
FileReaderWithoutValidation;2gb;35,49;4 577,27
CSVReaderWithoutValidation;2gb;49,12;4 663,73
BufferReaderCase;2gb;32,83;2 500,09
FilesLinesCase;2gb;33,17;3 145,53
ScannerCase;2gb;44,22;2 555,65
BufferReaderWithoutValidation;2gb;33,63;4 581,53
FileReaderCase;2gb;33,67;2 512,06
FilesLinesWithoutValidation;2gb;34,04;4 387,40
ScannerWithoutValidation;4gb;106,28;9 783,37
CSVReaderCase;4gb;83,64;4 590,81
FileReaderCase;4gb;68,78;4 368,47
ScannerCase;4gb;93,35;4 394,11
FilesLinesWithoutValidation;4gb;79,09;4 632,89
BufferReaderWithoutValidation;4gb;80,28;4 008,93
FileReaderWithoutValidation;4gb;80,05;4 602,62
FilesLinesCase;4gb;70,06;4 707,48
BufferReaderCase;4gb;67,90;4 517,49
CSVReaderWithoutValidation;4gb;108,20;4 858,43
ScannerWithoutValidation;100mb;1,95;1 976,36
CSVReaderCase;100mb;1,46;916,41
BufferReaderWithoutValidation;100mb;1,30;500,85
CSVReaderWithoutValidation;100mb;2,09;336,55
ScannerCase;100mb;1,78;1 412,72
FilesLinesCase;100mb;1,18;910,16
FileReaderWithoutValidation;100mb;1,37;264,82
BufferReaderCase;100mb;1,14;900,24
FilesLinesWithoutValidation;100mb;1,33;875,52
FileReaderCase;100mb;1,21;848,40
FilesLinesWithoutValidation;250mb;3,39;2 043,08
CSVReaderWithoutValidation;250mb;5,44;1 254,90
BufferReaderCase;250mb;3,15;1 309,60
CSVReaderCase;250mb;3,91;1 172,07
FilesLinesCase;250mb;3,25;1 848,51
FileReaderCase;250mb;3,23;986,62
ScannerWithoutValidation;250mb;4,74;1 860,08
BufferReaderWithoutValidation;250mb;3,40;1 958,74
ScannerCase;250mb;4,75;1 463,02
FileReaderWithoutValidation;250mb;3,49;1 667,44
FileReaderWithoutValidation;500mb;7,79;2 862,73
FilesLinesWithoutValidation;500mb;7,55;1 648,97
CSVReaderCase;500mb;8,45;3 040,87
FileReaderCase;500mb;6,87;1 666,11
FilesLinesCase;500mb;6,98;1 956,16
ScannerWithoutValidation;500mb;10,40;2 338,40
BufferReaderCase;500mb;6,92;797,07
CSVReaderWithoutValidation;500mb;11,14;1 829,74
BufferReaderWithoutValidation;500mb;7,19;3 640,61
ScannerCase;500mb;9,67;1 855,00
ScannerWithoutValidation;1gb;21,54;5 378,76
ScannerCase;1gb;20,43;5 909,77
FilesLinesCase;1gb;14,37;5 045,75
FileReaderWithoutValidation;1gb;15,83;1 914,17
BufferReaderWithoutValidation;1gb;15,33;6 371,15
FilesLinesWithoutValidation;1gb;15,36;6 778,00
FileReaderCase;1gb;15,02;4 592,76
CSVReaderCase;1gb;17,42;4 303,36
CSVReaderWithoutValidation;1gb;22,64;7 440,70
BufferReaderCase;1gb;14,35;4 487,91
BufferReaderCase;2gb;32,15;5 437,64
FilesLinesCase;2gb;31,94;3 798,54
ScannerCase;2gb;43,37;3 212,13
FilesLinesWithoutValidation;2gb;32,81;4 187,21
ScannerWithoutValidation;2gb;44,44;7 351,41
BufferReaderWithoutValidation;2gb;32,18;4 898,83
CSVReaderCase;2gb;37,71;3 329,65
FileReaderCase;2gb;31,62;3 329,39
CSVReaderWithoutValidation;2gb;47,53;3 949,35
FileReaderWithoutValidation;2gb;34,58;3 801,43
FileReaderCase;4gb;69,00;10 733,83
CSVReaderCase;4gb;85,04;4 355,77
FileReaderWithoutValidation;4gb;79,98;4 871,39
CSVReaderWithoutValidation;4gb;112,47;3 884,91
FilesLinesWithoutValidation;4gb;81,30;3 875,11
ScannerCase;4gb;92,24;4 504,83
FilesLinesCase;4gb;68,97;4 392,76
BufferReaderWithoutValidation;4gb;81,34;3 952,88
BufferReaderCase;4gb;71,45;3 222,56
ScannerWithoutValidation;4gb;105,86;4 100,47
BufferReaderCase;100mb;1,30;1 115,68
FileReaderCase;100mb;1,17;851,85
FilesLinesWithoutValidation;100mb;1,30;602,64
FileReaderWithoutValidation;100mb;1,35;503,97
CSVReaderWithoutValidation;100mb;2,14;588,09
BufferReaderWithoutValidation;100mb;1,24;576,43
ScannerWithoutValidation;100mb;1,89;442,42
CSVReaderCase;100mb;1,46;886,28
FilesLinesCase;100mb;1,22;1 104,66
ScannerCase;100mb;1,75;1 212,45
FilesLinesWithoutValidation;250mb;3,56;1 724,16
CSVReaderCase;250mb;4,07;516,20
ScannerCase;250mb;4,75;1 664,33
FileReaderCase;250mb;3,23;1 038,11
FilesLinesCase;250mb;3,26;1 132,40
FileReaderWithoutValidation;250mb;3,56;2 545,94
BufferReaderCase;250mb;3,20;1 407,79
CSVReaderWithoutValidation;250mb;5,26;2 388,04
ScannerWithoutValidation;250mb;4,82;1 378,31
BufferReaderWithoutValidation;250mb;3,46;1 627,39
ScannerWithoutValidation;500mb;10,27;3 315,49
BufferReaderWithoutValidation;500mb;7,35;2 037,08
FilesLinesWithoutValidation;500mb;7,25;3 389,00
ScannerCase;500mb;9,57;1 986,43
FilesLinesCase;500mb;7,08;1 117,68
FileReaderCase;500mb;6,88;1 808,45
CSVReaderCase;500mb;8,45;1 066,45
BufferReaderCase;500mb;6,78;1 192,65
CSVReaderWithoutValidation;500mb;11,16;2 073,73
FileReaderWithoutValidation;500mb;7,53;3 254,78
FilesLinesWithoutValidation;1gb;15,93;4 836,44
BufferReaderWithoutValidation;1gb;15,57;3 410,50
ScannerWithoutValidation;1gb;21,45;3 754,25
ScannerCase;1gb;19,98;5 813,31
FileReaderWithoutValidation;1gb;15,68;3 192,64
FilesLinesCase;1gb;14,57;4 777,31
CSVReaderCase;1gb;17,26;5 381,29
BufferReaderCase;1gb;14,31;4 311,74
CSVReaderWithoutValidation;1gb;23,13;4 347,45
FileReaderCase;1gb;14,26;5 414,85
ScannerWithoutValidation;2gb;45,73;7 415,57
ScannerCase;2gb;42,87;2 890,88
CSVReaderWithoutValidation;2gb;48,07;7 159,51
BufferReaderCase;2gb;31,75;3 341,09
CSVReaderCase;2gb;37,81;2 581,33
BufferReaderWithoutValidation;2gb;32,89;3 607,46
FileReaderWithoutValidation;2gb;33,49;4 878,09
FilesLinesCase;2gb;30,96;4 030,98
FilesLinesWithoutValidation;2gb;33,20;4 073,41
FileReaderCase;2gb;32,13;2 567,60
BufferReaderCase;4gb;71,82;9 708,21
ScannerCase;4gb;95,31;4 731,25
CSVReaderWithoutValidation;4gb;111,45;4 701,58
FileReaderWithoutValidation;4gb;80,72;4 669,51
CSVReaderCase;4gb;83,03;4 226,87
FileReaderCase;4gb;71,50;4 637,13
ScannerWithoutValidation;4gb;102,73;4 874,21
BufferReaderWithoutValidation;4gb;79,92;4 590,07
FilesLinesWithoutValidation;4gb;83,66;3 497,30
FilesLinesCase;4gb;68,58;4 307,60
ScannerCase;100mb;1,97;1 416,00
FilesLinesWithoutValidation;100mb;1,30;574,82
FilesLinesCase;100mb;1,16;911,12
BufferReaderWithoutValidation;100mb;1,27;692,33
CSVReaderWithoutValidation;100mb;2,08;871,19
BufferReaderCase;100mb;1,15;912,34
ScannerWithoutValidation;100mb;1,96;217,76
FileReaderCase;100mb;1,17;858,13
CSVReaderCase;100mb;1,56;1 088,07
FileReaderWithoutValidation;100mb;1,39;280,44
BufferReaderWithoutValidation;250mb;3,41;1 647,05
FileReaderCase;250mb;3,33;462,63
FilesLinesCase;250mb;3,24;2 155,87
FilesLinesWithoutValidation;250mb;3,48;1 010,28
CSVReaderCase;250mb;4,20;1 224,52
ScannerWithoutValidation;250mb;5,02;1 652,10
BufferReaderCase;250mb;3,21;1 219,75
FileReaderWithoutValidation;250mb;3,54;1 910,65
ScannerCase;250mb;4,77;1 037,62
CSVReaderWithoutValidation;250mb;5,39;2 048,19
ScannerWithoutValidation;500mb;10,65;3 097,65
BufferReaderWithoutValidation;500mb;7,35;1 766,24
CSVReaderCase;500mb;8,68;1 289,14
BufferReaderCase;500mb;7,06;1 955,35
CSVReaderWithoutValidation;500mb;11,13;2 094,04
FilesLinesWithoutValidation;500mb;7,36;2 309,76
FileReaderCase;500mb;7,09;1 162,11
ScannerCase;500mb;9,90;2 526,08
FileReaderWithoutValidation;500mb;7,69;2 182,04
FilesLinesCase;500mb;7,01;1 703,30
BufferReaderWithoutValidation;1gb;15,85;4 542,28
CSVReaderCase;1gb;18,54;1 907,90
FileReaderCase;1gb;15,39;2 124,58
BufferReaderCase;1gb;14,88;1 537,21
ScannerWithoutValidation;1gb;21,62;4 354,53
FileReaderWithoutValidation;1gb;16,28;2 856,53
FilesLinesCase;1gb;14,97;5 188,35
CSVReaderWithoutValidation;1gb;22,68;3 452,49
ScannerCase;1gb;20,40;5 695,86
FilesLinesWithoutValidation;1gb;15,35;3 492,21
FileReaderWithoutValidation;2gb;33,87;7 634,49
ScannerWithoutValidation;2gb;44,67;7 190,35
FilesLinesCase;2gb;30,87;2 589,97
CSVReaderCase;2gb;37,49;2 728,28
BufferReaderWithoutValidation;2gb;33,87;3 489,23
BufferReaderCase;2gb;31,74;3 053,86
CSVReaderWithoutValidation;2gb;47,08;3 868,72
FilesLinesWithoutValidation;2gb;33,24;3 857,60
ScannerCase;2gb;43,12;3 200,83
FileReaderCase;2gb;32,08;2 578,84
FileReaderCase;4gb;74,21;9 258,71
FileReaderWithoutValidation;4gb;80,84;4 637,38
BufferReaderCase;4gb;71,46;4 238,59
FilesLinesWithoutValidation;4gb;82,42;4 199,11
CSVReaderCase;4gb;80,55;4 550,99
CSVReaderWithoutValidation;4gb;113,15;4 086,15
ScannerCase;4gb;92,01;4 461,23
FilesLinesCase;4gb;71,15;4 528,60
ScannerWithoutValidation;4gb;107,59;4 179,88
BufferReaderWithoutValidation;4gb;77,92;4 709,96
FileReaderWithoutValidation;100mb;1,51;1 830,40
CSVReaderCase;100mb;1,48;899,18
CSVReaderWithoutValidation;100mb;1,99;1 930,59
BufferReaderWithoutValidation;100mb;1,31;412,94
FilesLinesCase;100mb;1,25;1 112,95
FilesLinesWithoutValidation;100mb;1,27;680,23
ScannerWithoutValidation;100mb;1,86;573,23
ScannerCase;100mb;1,72;1 221,11
FileReaderCase;100mb;1,21;1 045,87
BufferReaderCase;100mb;1,17;912,80
CSVReaderCase;250mb;3,92;1 887,04
FileReaderCase;250mb;3,22;1 195,98
FileReaderWithoutValidation;250mb;3,52;2 537,55
FilesLinesWithoutValidation;250mb;3,42;1 604,12
ScannerCase;250mb;4,83;567,90
FilesLinesCase;250mb;3,27;2 055,21
BufferReaderCase;250mb;3,17;1 332,11
CSVReaderWithoutValidation;250mb;5,37;1 666,23
BufferReaderWithoutValidation;250mb;3,53;1 036,84
ScannerWithoutValidation;250mb;5,00;2 224,20
ScannerCase;500mb;9,70;2 472,04
FileReaderCase;500mb;7,02;925,35
ScannerWithoutValidation;500mb;10,53;1 670,01
CSVReaderWithoutValidation;500mb;11,06;1 279,44
FilesLinesCase;500mb;7,01;754,73
CSVReaderCase;500mb;8,32;1 860,02
FileReaderWithoutValidation;500mb;7,55;2 136,44
BufferReaderWithoutValidation;500mb;7,36;1 662,66
BufferReaderCase;500mb;6,99;801,94
FilesLinesWithoutValidation;500mb;7,55;1 648,47
FileReaderCase;1gb;15,27;3 376,25
ScannerWithoutValidation;1gb;22,02;2 632,70
CSVReaderWithoutValidation;1gb;23,11;2 548,29
FilesLinesCase;1gb;14,52;1 709,64
BufferReaderCase;1gb;14,65;4 462,74
FilesLinesWithoutValidation;1gb;15,34;1 918,54
CSVReaderCase;1gb;17,70;4 508,88
FileReaderWithoutValidation;1gb;15,94;6 740,25
BufferReaderWithoutValidation;1gb;15,25;7 419,72
ScannerCase;1gb;20,03;4 697,62
ScannerWithoutValidation;2gb;45,34;6 832,55
FilesLinesCase;2gb;31,07;2 802,04
BufferReaderWithoutValidation;2gb;32,49;7 379,86
FileReaderCase;2gb;31,08;2 803,12
CSVReaderWithoutValidation;2gb;47,77;3 226,19
FilesLinesWithoutValidation;2gb;33,16;3 424,22
ScannerCase;2gb;43,45;3 231,75
FileReaderWithoutValidation;2gb;33,32;4 119,17
BufferReaderCase;2gb;31,90;3 148,64
CSVReaderCase;2gb;37,74;2 952,47
BufferReaderWithoutValidation;4gb;79,93;10 359,87
FileReaderCase;4gb;70,82;4 275,97
CSVReaderCase;4gb;82,00;4 681,35
CSVReaderWithoutValidation;4gb;110,11;4 620,60
ScannerWithoutValidation;4gb;105,10;4 043,84
FileReaderWithoutValidation;4gb;82,80;3 774,11
FilesLinesCase;4gb;68,17;4 722,62
FilesLinesWithoutValidation;4gb;81,46;4 203,90
BufferReaderCase;4gb;70,65;4 390,93
ScannerCase;4gb;91,85;4 638,64
ScannerWithoutValidation;100mb;1,93;2 365,59
FilesLinesCase;100mb;1,22;1 761,61
BufferReaderCase;100mb;1,19;1 761,61
CSVReaderCase;100mb;1,50;1 694,50
FilesLinesWithoutValidation;100mb;1,18;1 803,55
FileReaderWithoutValidation;100mb;1,24;1 887,44
ScannerCase;100mb;1,76;2 315,26
BufferReaderWithoutValidation;100mb;1,17;1 803,55
FileReaderCase;100mb;1,20;1 660,94
CSVReaderWithoutValidation;100mb;2,03;654,31
FilesLinesWithoutValidation;250mb;3,35;1 841,32
FilesLinesCase;250mb;3,34;1 287,32
FileReaderCase;250mb;3,18;1 330,64
ScannerWithoutValidation;250mb;4,79;1 917,70
CSVReaderCase;250mb;4,00;1 117,18
CSVReaderWithoutValidation;250mb;5,44;1 417,91
BufferReaderCase;250mb;3,19;1 052,43
ScannerCase;250mb;4,54;1 950,67
FileReaderWithoutValidation;250mb;3,62;2 386,56
BufferReaderWithoutValidation;250mb;3,40;1 704,22
CSVReaderCase;500mb;8,44;1 587,28
BufferReaderWithoutValidation;500mb;7,23;2 316,39
BufferReaderCase;500mb;6,98;792,49
FilesLinesCase;500mb;7,04;936,64
CSVReaderWithoutValidation;500mb;11,07;1 843,83
FilesLinesWithoutValidation;500mb;7,35;3 602,91
ScannerWithoutValidation;500mb;10,23;2 097,00
FileReaderWithoutValidation;500mb;7,70;2 118,54
ScannerCase;500mb;9,69;1 854,80
FileReaderCase;500mb;7,22;1 087,04
FilesLinesCase;1gb;14,53;3 129,49
BufferReaderWithoutValidation;1gb;15,14;2 656,05
CSVReaderWithoutValidation;1gb;22,82;3 475,68
FileReaderCase;1gb;14,69;4 475,32
CSVReaderCase;1gb;18,03;4 383,05
ScannerCase;1gb;20,18;5 335,16
FilesLinesWithoutValidation;1gb;15,11;2 512,80
BufferReaderCase;1gb;14,59;4 462,74
FileReaderWithoutValidation;1gb;15,58;6 471,81
ScannerWithoutValidation;1gb;22,00;2 498,69
FileReaderWithoutValidation;2gb;34,01;7 019,09
ScannerCase;2gb;42,68;3 560,15
FilesLinesCase;2gb;31,33;2 813,61
CSVReaderCase;2gb;37,86;3 069,32
ScannerWithoutValidation;2gb;45,44;3 277,38
FileReaderCase;2gb;31,38;2 853,80
FilesLinesWithoutValidation;2gb;33,42;4 338,70
CSVReaderWithoutValidation;2gb;47,73;4 764,52
BufferReaderWithoutValidation;2gb;32,55;4 373,52
BufferReaderCase;2gb;31,24;3 121,03
BufferReaderWithoutValidation;4gb;80,56;10 178,69
ScannerCase;4gb;91,50;4 727,94
CSVReaderCase;4gb;81,30;4 378,31
FilesLinesWithoutValidation;4gb;83,39;3 506,92
FileReaderCase;4gb;73,16;4 682,52
ScannerWithoutValidation;4gb;103,58;4 098,15
FilesLinesCase;4gb;70,71;4 161,56
BufferReaderCase;4gb;70,93;4 555,01
CSVReaderWithoutValidation;4gb;110,10;4 778,32
FileReaderWithoutValidation;4gb;82,35;3 858,73
ScannerCase;100mb;1,93;1 417,67
FilesLinesCase;100mb;1,17;913,13
BufferReaderWithoutValidation;100mb;1,26;633,42
BufferReaderCase;100mb;1,16;901,09
CSVReaderWithoutValidation;100mb;2,12;712,63
ScannerWithoutValidation;100mb;1,84;1 794,63
FileReaderWithoutValidation;100mb;1,29;1 634,41
FileReaderCase;100mb;1,20;862,44
CSVReaderCase;100mb;1,53;1 087,36
FilesLinesWithoutValidation;100mb;1,28;612,60
FilesLinesCase;250mb;3,47;942,65
BufferReaderCase;250mb;3,31;1 937,77
FilesLinesWithoutValidation;250mb;3,59;1 712,68
BufferReaderWithoutValidation;250mb;3,30;1 404,05
FileReaderWithoutValidation;250mb;3,78;839,98
FileReaderCase;250mb;3,22;1 356,63
ScannerWithoutValidation;250mb;4,96;1 029,65
CSVReaderWithoutValidation;250mb;5,40;2 084,83
ScannerCase;250mb;4,60;1 967,17
CSVReaderCase;250mb;4,00;937,96
FilesLinesCase;500mb;6,87;2 638,80
ScannerCase;500mb;9,73;1 297,18
FilesLinesWithoutValidation;500mb;7,55;1 494,13
BufferReaderWithoutValidation;500mb;7,20;2 704,46
CSVReaderCase;500mb;8,55;1 874,32
FileReaderCase;500mb;7,00;1 888,29
FileReaderWithoutValidation;500mb;7,62;1 545,55
ScannerWithoutValidation;500mb;10,25;2 893,86
CSVReaderWithoutValidation;500mb;11,47;1 380,12
BufferReaderCase;500mb;6,82;3 384,80
BufferReaderWithoutValidation;1gb;15,25;6 405,41
CSVReaderCase;1gb;17,78;4 966,06
FileReaderCase;1gb;14,62;4 353,69
ScannerCase;1gb;20,03;5 775,56
FilesLinesCase;1gb;14,76;5 167,38
FileReaderWithoutValidation;1gb;16,47;2 124,57
FilesLinesWithoutValidation;1gb;15,81;6 933,18
ScannerWithoutValidation;1gb;22,50;2 673,00
BufferReaderCase;1gb;14,77;5 393,88
CSVReaderWithoutValidation;1gb;23,80;3 514,87
ScannerWithoutValidation;2gb;46,86;6 356,79
BufferReaderWithoutValidation;2gb;34,61;4 379,63
CSVReaderCase;2gb;39,32;2 813,00
FileReaderCase;2gb;33,12;3 485,01
ScannerCase;2gb;42,89;3 191,65
FileReaderWithoutValidation;2gb;34,11;3 167,15
FilesLinesWithoutValidation;2gb;33,89;3 799,80
CSVReaderWithoutValidation;2gb;47,54;3 679,49
BufferReaderCase;2gb;32,54;3 762,13
FilesLinesCase;2gb;32,57;3 317,51
CSVReaderWithoutValidation;4gb;112,43;9 554,49
FilesLinesWithoutValidation;4gb;78,99;4 743,45
FileReaderWithoutValidation;4gb;83,72;4 238,18
BufferReaderWithoutValidation;4gb;79,51;4 716,46
ScannerCase;4gb;93,38;4 300,13
BufferReaderCase;4gb;70,96;3 386,98
CSVReaderCase;4gb;80,66;4 799,07
FileReaderCase;4gb;68,87;4 460,50
ScannerWithoutValidation;4gb;106,00;4 234,30
FilesLinesCase;4gb;69,51;4 232,20
FilesLinesCase;100mb;1,30;1 115,68
CSVReaderWithoutValidation;100mb;2,01;1 932,92
BufferReaderCase;100mb;1,16;915,00
ScannerWithoutValidation;100mb;1,85;1 791,59
FileReaderCase;100mb;1,22;1 046,61
FileReaderWithoutValidation;100mb;1,27;1 631,98
CSVReaderCase;100mb;1,46;885,57
ScannerCase;100mb;1,71;1 211,35
FilesLinesWithoutValidation;100mb;1,32;814,75
BufferReaderWithoutValidation;100mb;1,23;676,63
FileReaderCase;250mb;3,29;1 257,63
BufferReaderCase;250mb;3,33;1 392,03
ScannerCase;250mb;4,64;1 179,92
FilesLinesWithoutValidation;250mb;3,35;2 202,01
ScannerWithoutValidation;250mb;4,96;1 415,48
BufferReaderWithoutValidation;250mb;3,42;1 121,84
CSVReaderCase;250mb;4,04;525,88
FilesLinesCase;250mb;3,24;2 134,18
FileReaderWithoutValidation;250mb;3,42;1 653,60
CSVReaderWithoutValidation;250mb;5,45;1 572,86
FilesLinesWithoutValidation;500mb;7,26;3 169,23
BufferReaderWithoutValidation;500mb;7,23;2 491,94
ScannerWithoutValidation;500mb;10,33;1 703,94
FileReaderWithoutValidation;500mb;7,63;1 628,24
FileReaderCase;500mb;6,98;1 127,58
FilesLinesCase;500mb;6,94;978,66
CSVReaderCase;500mb;8,28;1 953,56
BufferReaderCase;500mb;6,95;1 017,17
ScannerCase;500mb;9,71;1 025,05
CSVReaderWithoutValidation;500mb;11,05;2 645,31
CSVReaderCase;1gb;17,81;2 995,23
ScannerCase;1gb;20,16;5 532,29
CSVReaderWithoutValidation;1gb;22,95;4 016,80
BufferReaderCase;1gb;14,52;4 525,65
BufferReaderWithoutValidation;1gb;15,01;7 088,37
FileReaderWithoutValidation;1gb;15,83;6 828,33
FilesLinesWithoutValidation;1gb;15,40;3 091,95
FilesLinesCase;1gb;14,87;1 274,04
FileReaderCase;1gb;14,98;2 803,68
ScannerWithoutValidation;1gb;21,36;3 189,55
FilesLinesWithoutValidation;2gb;34,50;7 840,83
ScannerWithoutValidation;2gb;46,62;4 694,61
FilesLinesCase;2gb;33,79;4 111,32
FileReaderWithoutValidation;2gb;34,95;3 470,74
FileReaderCase;2gb;33,44;3 280,73
BufferReaderWithoutValidation;2gb;34,93;5 649,50
CSVReaderWithoutValidation;2gb;47,84;4 501,13
BufferReaderCase;2gb;31,07;3 857,82
CSVReaderCase;2gb;37,83;3 270,63
ScannerCase;2gb;42,76;2 870,43
CSVReaderCase;4gb;80,14;10 736,00
FilesLinesWithoutValidation;4gb;84,47;3 871,16
BufferReaderWithoutValidation;4gb;80,83;3 753,65
BufferReaderCase;4gb;69,60;4 127,15
FileReaderCase;4gb;70,87;4 642,70
ScannerWithoutValidation;4gb;104,14;4 650,16
FilesLinesCase;4gb;73,33;3 621,42
FileReaderWithoutValidation;4gb;82,48;4 654,20
ScannerCase;4gb;92,00;4 434,59
CSVReaderWithoutValidation;4gb;109,88;4 842,99
